catalog_version,rights_version,track_id,title,artist,genre,category,duration_seconds,asset_url,asset_path,exists,size_bytes,sha256,git_tracking,source
creator-catalog-2026-07-19,creator-rights-v1,city-pop/city-pop-001,Neon Drive,Virzy Guns,City Pop,city-pop,135,/tracks/city-pop/city-pop-001.mp3,public/tracks/city-pop/city-pop-001.mp3,true,3142280,0ddc2ea3a2f00aef81bcff345e160478bc7ef973de6761c71816a7d7cec38efb,untracked,original
creator-catalog-2026-07-19,creator-rights-v1,city-pop/city-pop-002,Pastel Fever,Virzy Guns,City Pop,city-pop,177,/tracks/city-pop/city-pop-002.mp3,public/tracks/city-pop/city-pop-002.mp3,true,4133648,0f39dbb0b773e2c5c546d5f98fb1da00f12119039be32d37f8bb4cb1c8f85b4e,untracked,original
creator-catalog-2026-07-19,creator-rights-v1,city-pop/city-pop-003,Sapphire Lights,Virzy Guns,City Pop,city-pop,155,/tracks/city-pop/city-pop-003.mp3,public/tracks/city-pop/city-pop-003.mp3,true,3761210,8de9cd81df30146deb4a413db85b8bcd6c1ba931fd61ae4646fd38cc9c8edead,untracked,original
creator-catalog-2026-07-19,creator-rights-v1,city-pop/city-pop-004,Retro Breeze,Virzy Guns,City Pop,city-pop,196,/tracks/city-pop/city-pop-004.mp3,public/tracks/city-pop/city-pop-004.mp3,true,4858721,f4a74dd68a6d05d0088add067ddf269f6918e43726a01e7890440ccead6dd3d8,untracked,original
creator-catalog-2026-07-19,creator-rights-v1,city-pop/city-pop-005,Nocturne Cruise,Virzy Guns,City Pop,city-pop,142,/tracks/city-pop/city-pop-005.mp3,public/tracks/city-pop/city-pop-005.mp3,true,3357658,f9fa70acc1c58fc7bde9d70bb230ff8e92d40ae81a11fc10a9e8d6943dc5e0c6,untracked,original
creator-catalog-2026-07-19,creator-rights-v1,city-pop/city-pop-006,Pastel Boulevard,Virzy Guns,City Pop,city-pop,185,/tracks/city-pop/city-pop-006.mp3,public/tracks/city-pop/city-pop-006.mp3,true,4571310,d7de529e69217ee5b97a161dbf6161107ee23dac7d36af136d9947f9add61669,untracked,original
creator-catalog-2026-07-19,creator-rights-v1,city-pop/city-pop-007,Sapphire Avenue,Virzy Guns,City Pop,city-pop,156,/tracks/city-pop/city-pop-007.mp3,public/tracks/city-pop/city-pop-007.mp3,true,3726158,7cf5eb4ef2a82bff5988b5fef7bfe7816542583e910ae3ea598ea6bcacb8c2c6,untracked,original
creator-catalog-2026-07-19,creator-rights-v1,city-pop/city-pop-008,Aqua Highway,Virzy Guns,City Pop,city-pop,167,/tracks/city-pop/city-pop-008.mp3,public/tracks/city-pop/city-pop-008.mp3,true,4116833,dd886b7559e5a7f2e9a7ea6b33104057b6051270b268b2743448cb613bcf6b7b,untracked,original
creator-catalog-2026-07-19,creator-rights-v1,city-pop/city-pop-009,Seaside Pulse,Virzy Guns,City Pop,city-pop,142,/tracks/city-pop/city-pop-009.mp3,public/tracks/city-pop/city-pop-009.mp3,true,3180723,94f28a720d6bf417d3c98cb2943f2f6e09a93ce7d7d84ea1d9697aaaa17f58d4,untracked,original
creator-catalog-2026-07-19,creator-rights-v1,city-pop/city-pop-010,Coastal Express,Virzy Guns,City Pop,city-pop,171,/tracks/city-pop/city-pop-010.mp3,public/tracks/city-pop/city-pop-010.mp3,true,4329063,87f8455666639b7f447f7b1c6f38b6becb427ab2c8993db7e00822135bf3fe77,untracked,original
creator-catalog-2026-07-19,creator-rights-v1,city-pop/city-pop-011,Crystal Arcade,Virzy Guns,City Pop,city-pop,180,/tracks/city-pop/city-pop-011.mp3,public/tracks/city-pop/city-pop-011.mp3,true,4442809,ac74e00ee5bbb82e70a644ef6d25968f9862f3b724800cc67d17c2d58f88dcf1,untracked,original
creator-catalog-2026-07-19,creator-rights-v1,city-pop/city-pop-012,Aqua Harbor,Virzy Guns,City Pop,city-pop,174,/tracks/city-pop/city-pop-012.mp3,public/tracks/city-pop/city-pop-012.mp3,true,4397206,6e46cd0cba3659beadf698880443ee6f6cc70005897ac6bebd858c6c6b361955,untracked,original
creator-catalog-2026-07-19,creator-rights-v1,city-pop/city-pop-013,Seaside Nights,Virzy Guns,City Pop,city-pop,153,/tracks/city-pop/city-pop-013.mp3,public/tracks/city-pop/city-pop-013.mp3,true,3903313,187cab7e4ecfdf830e56f171a73655b395207a97dfb553c9316ea263cd5d12df,untracked,original
creator-catalog-2026-07-19,creator-rights-v1,city-pop/city-pop-014,Coastal Skyline,Virzy Guns,City Pop,city-pop,164,/tracks/city-pop/city-pop-014.mp3,public/tracks/city-pop/city-pop-014.mp3,true,3995159,8e86293d1bc16570039e01fc7ad376c0d1e22eae6c202e661ee31005d37d5ad4,untracked,original
creator-catalog-2026-07-19,creator-rights-v1,city-pop/city-pop-015,Electric Dreams,Virzy Guns,City Pop,city-pop,191,/tracks/city-pop/city-pop-015.mp3,public/tracks/city-pop/city-pop-015.mp3,true,4652467,a89835333084ff65e596fe4d115c718c3c0fe37ec2e127888e17736efef43774,untracked,original
creator-catalog-2026-07-19,creator-rights-v1,city-pop/city-pop-016,Silk Bay,Virzy Guns,City Pop,city-pop,159,/tracks/city-pop/city-pop-016.mp3,public/tracks/city-pop/city-pop-016.mp3,true,3968135,ecf6959173792e4fd132822a67d2e608d63ad105681207e30573fd23d00e31da,untracked,original
creator-catalog-2026-07-19,creator-rights-v1,city-pop/city-pop-017,Bayside Sunset,Virzy Guns,City Pop,city-pop,198,/tracks/city-pop/city-pop-017.mp3,public/tracks/city-pop/city-pop-017.mp3,true,4672083,ae80593d66e75d9bb20fa6ef485e80b7dc5a182fb1c876b4a21982ad9cc756d9,untracked,original
creator-catalog-2026-07-19,creator-rights-v1,city-pop/city-pop-018,Velvet Cassette,Virzy Guns,City Pop,city-pop,118,/tracks/city-pop/city-pop-018.mp3,public/tracks/city-pop/city-pop-018.mp3,true,2967420,c12ef7e9fbd6091f1ff29cf12e221af5c0fcd0329ea9004571f1b205c58be17f,untracked,original
creator-catalog-2026-07-19,creator-rights-v1,city-pop/city-pop-019,Electric Mirage,Virzy Guns,City Pop,city-pop,183,/tracks/city-pop/city-pop-019.mp3,public/tracks/city-pop/city-pop-019.mp3,true,4302915,fbc41d486d334de1932eb3726756b8aa3f00a567617bf453ed2c79523a066a58,untracked,original
creator-catalog-2026-07-19,creator-rights-v1,city-pop/city-pop-020,Silk Horizon,Virzy Guns,City Pop,city-pop,167,/tracks/city-pop/city-pop-020.mp3,public/tracks/city-pop/city-pop-020.mp3,true,3860430,f8d2b400c7b8a119c058d7f0703325b6673fbd8383b5ea1443fd862780df88ec,untracked,original
creator-catalog-2026-07-19,creator-rights-v1,city-pop/city-pop-021,Bayside Drive,Virzy Guns,City Pop,city-pop,124,/tracks/city-pop/city-pop-021.mp3,public/tracks/city-pop/city-pop-021.mp3,true,2971071,a20590c9d00338441132bd111cb98ee55cd86d0205a165234db5fb982f6495ed,untracked,original
creator-catalog-2026-07-19,creator-rights-v1,city-pop/city-pop-022,Midnight Fever,Virzy Guns,City Pop,city-pop,173,/tracks/city-pop/city-pop-022.mp3,public/tracks/city-pop/city-pop-022.mp3,true,4150397,6e9734099f011d92b986d8e503730dab7fa69706b6b119a2a9878ef394060969,untracked,original
creator-catalog-2026-07-19,creator-rights-v1,city-pop/city-pop-023,Golden Lights,Virzy Guns,City Pop,city-pop,136,/tracks/city-pop/city-pop-023.mp3,public/tracks/city-pop/city-pop-023.mp3,true,3271236,ca9ec4d3c7438cb1bcd07c845d81e1f2d24fecaf94e30b9596d8f98e662b55fb,untracked,original
creator-catalog-2026-07-19,creator-rights-v1,city-pop/city-pop-024,Moonlit Breeze,Virzy Guns,City Pop,city-pop,162,/tracks/city-pop/city-pop-024.mp3,public/tracks/city-pop/city-pop-024.mp3,true,4028611,c5b81a1d35e9a19058a658f66b990e17b065a0230a29e6ef0e7b942785d85946,untracked,original
creator-catalog-2026-07-19,creator-rights-v1,city-pop/city-pop-025,Downtown Cruise,Virzy Guns,City Pop,city-pop,150,/tracks/city-pop/city-pop-025.mp3,public/tracks/city-pop/city-pop-025.mp3,true,3512758,e30c4724f2ff8a68764dca284268b3673475e9da5b41cbc821f94d1be1fb299d,untracked,original
creator-catalog-2026-07-19,creator-rights-v1,city-pop/city-pop-026,Midnight Boulevard,Virzy Guns,City Pop,city-pop,167,/tracks/city-pop/city-pop-026.mp3,public/tracks/city-pop/city-pop-026.mp3,true,3951343,21b373f9ba8aca22a4534127a4b384ca9d20c2cc371f19ae3e3368868515ebc1,untracked,original
creator-catalog-2026-07-19,creator-rights-v1,city-pop/city-pop-027,Golden Avenue,Virzy Guns,City Pop,city-pop,157,/tracks/city-pop/city-pop-027.mp3,public/tracks/city-pop/city-pop-027.mp3,true,3958711,b1f42b095f47e3862f9eac0b4eba59b832026f6c74b4514c1b036049eac59ba6,untracked,original
creator-catalog-2026-07-19,creator-rights-v1,city-pop/city-pop-028,Twilight Highway,Virzy Guns,City Pop,city-pop,176,/tracks/city-pop/city-pop-028.mp3,public/tracks/city-pop/city-pop-028.mp3,true,4236777,2f367a3607e4feff9a84b65e0362af73970247fb59f40ae2f002837906d78bd5,untracked,original
creator-catalog-2026-07-19,creator-rights-v1,city-pop/city-pop-029,Starlit Pulse,Virzy Guns,City Pop,city-pop,179,/tracks/city-pop/city-pop-029.mp3,public/tracks/city-pop/city-pop-029.mp3,true,4369314,4ce9b4b39aa04e874e8bfd2ac7544485bf27dd941bac646a69b0afd5eca62e5d,untracked,original
creator-catalog-2026-07-19,creator-rights-v1,city-pop/city-pop-030,Neon Express,Virzy Guns,City Pop,city-pop,159,/tracks/city-pop/city-pop-030.mp3,public/tracks/city-pop/city-pop-030.mp3,true,3912197,d78c8861f272a673cc7b32b6040dd2613bb68aa4cd329edd16e4f922af16da40,untracked,original
creator-catalog-2026-07-19,creator-rights-v1,city-pop/city-pop-031,Chrome Arcade,Virzy Guns,City Pop,city-pop,163,/tracks/city-pop/city-pop-031.mp3,public/tracks/city-pop/city-pop-031.mp3,true,3742639,b73206a05ec6c53e807d7d2b056518170f7b53fd288255e87c8a755b461cb8e8,untracked,original
creator-catalog-2026-07-19,creator-rights-v1,city-pop/city-pop-032,Twilight Harbor,Virzy Guns,City Pop,city-pop,156,/tracks/city-pop/city-pop-032.mp3,public/tracks/city-pop/city-pop-032.mp3,true,3761402,cb2e9344a4f3588977ab0e1d17c2c2d8ea6cff3e64ede94eac7a220c62c658c8,untracked,original
creator-catalog-2026-07-19,creator-rights-v1,city-pop/city-pop-033,Starlit Nights,Virzy Guns,City Pop,city-pop,172,/tracks/city-pop/city-pop-033.mp3,public/tracks/city-pop/city-pop-033.mp3,true,4246133,ebdf59a5dbb8237ff2a5e0ff5fbb7f833f95afd8b2db1167e19c10c4eb751639,untracked,original
creator-catalog-2026-07-19,creator-rights-v1,city-pop/city-pop-034,Neon Skyline,Virzy Guns,City Pop,city-pop,147,/tracks/city-pop/city-pop-034.mp3,public/tracks/city-pop/city-pop-034.mp3,true,3439357,af254e0eb12e5d589b09cb59d882a46f416e87a4014a1348253588de44c45629,untracked,original
creator-catalog-2026-07-19,creator-rights-v1,city-pop/city-pop-035,Pastel Dreams,Virzy Guns,City Pop,city-pop,181,/tracks/city-pop/city-pop-035.mp3,public/tracks/city-pop/city-pop-035.mp3,true,4581843,753b53cb502296a8a0c3c30964c0a6ada2c184e8171b562a392fa1302b024dc5,untracked,original
creator-catalog-2026-07-19,creator-rights-v1,city-pop/city-pop-036,Sapphire Bay,Virzy Guns,City Pop,city-pop,206,/tracks/city-pop/city-pop-036.mp3,public/tracks/city-pop/city-pop-036.mp3,true,5145108,19ab90421c043cc47b238ffa533ae3e20e82b6284ff4a7a6a8d802d649c0567d,untracked,original
creator-catalog-2026-07-19,creator-rights-v1,city-pop/city-pop-037,Retro Sunset,Virzy Guns,City Pop,city-pop,157,/tracks/city-pop/city-pop-037.mp3,public/tracks/city-pop/city-pop-037.mp3,true,3545085,c820e0c4949cfccea23dcf0718392cd8d177715c29b0e3b6f8cd568687f64272,untracked,original
creator-catalog-2026-07-19,creator-rights-v1,city-pop/city-pop-038,Nocturne Cassette,Virzy Guns,City Pop,city-pop,162,/tracks/city-pop/city-pop-038.mp3,public/tracks/city-pop/city-pop-038.mp3,true,3938712,d731899a96797a55d705f8bee2e4e558603afc4e17105ce7ffb15c965d4078eb,untracked,original
creator-catalog-2026-07-19,creator-rights-v1,city-pop/city-pop-039,Pastel Mirage,Virzy Guns,City Pop,city-pop,175,/tracks/city-pop/city-pop-039.mp3,public/tracks/city-pop/city-pop-039.mp3,true,4178136,200262cdc95776787afcbc78a1f1f498adf2197cd313c332ffdf84e461efb793,untracked,original
creator-catalog-2026-07-19,creator-rights-v1,city-pop/city-pop-040,Sapphire Horizon,Virzy Guns,City Pop,city-pop,174,/tracks/city-pop/city-pop-040.mp3,public/tracks/city-pop/city-pop-040.mp3,true,4448548,066d43ed525014791d589a6a5c15f5568135b0bd74e00b6b6a1b2d590dbaeeb7,untracked,original
creator-catalog-2026-07-19,creator-rights-v1,city-pop/city-pop-041,Retro Drive,Virzy Guns,City Pop,city-pop,166,/tracks/city-pop/city-pop-041.mp3,public/tracks/city-pop/city-pop-041.mp3,true,3941991,2c1dfb2e884a04b9f153afa158fa3e2fc24ac5b0dff70c3d203efd16e2bdeedd,untracked,original
creator-catalog-2026-07-19,creator-rights-v1,city-pop/city-pop-042,Seaside Fever,Virzy Guns,City Pop,city-pop,201,/tracks/city-pop/city-pop-042.mp3,public/tracks/city-pop/city-pop-042.mp3,true,5006265,c905c166cdb9bfb16f50a6b5c023373366877c7100fc813035b6d7b2ec44ac1d,untracked,original
creator-catalog-2026-07-19,creator-rights-v1,city-pop/city-pop-043,Coastal Lights,Virzy Guns,City Pop,city-pop,150,/tracks/city-pop/city-pop-043.mp3,public/tracks/city-pop/city-pop-043.mp3,true,3705640,9f84cdd8fa18ee6292b42ab11d4323660d430eea1e2d508f4e2c09061d2aacdf,untracked,original
creator-catalog-2026-07-19,creator-rights-v1,city-pop/city-pop-044,Crystal Breeze,Virzy Guns,City Pop,city-pop,172,/tracks/city-pop/city-pop-044.mp3,public/tracks/city-pop/city-pop-044.mp3,true,4054769,1c7119092cc35f29631182d1fd44c2622a372913840add3855bf9b456a480d6a,untracked,original
creator-catalog-2026-07-19,creator-rights-v1,city-pop/city-pop-045,Aqua Cruise,Virzy Guns,City Pop,city-pop,144,/tracks/city-pop/city-pop-045.mp3,public/tracks/city-pop/city-pop-045.mp3,true,3306338,0e074960e28bcce8c947fd80d90959dc6fc7500fb7ef7d156374a24eaac6fbf3,untracked,original
creator-catalog-2026-07-19,creator-rights-v1,city-pop/city-pop-046,Seaside Boulevard,Virzy Guns,City Pop,city-pop,150,/tracks/city-pop/city-pop-046.mp3,public/tracks/city-pop/city-pop-046.mp3,true,3531567,684a5922d63fe0ecd21af7d9a6ba527ecce87ad4e80f923eb296a2a0f2f00532,untracked,original
creator-catalog-2026-07-19,creator-rights-v1,city-pop/city-pop-047,Coastal Avenue,Virzy Guns,City Pop,city-pop,140,/tracks/city-pop/city-pop-047.mp3,public/tracks/city-pop/city-pop-047.mp3,true,3119113,2f175569a90656327006a116a5d5a15c6a241e87de35847d52d55e9d510cdbbd,untracked,original
creator-catalog-2026-07-19,creator-rights-v1,city-pop/city-pop-048,Electric Highway,Virzy Guns,City Pop,city-pop,133,/tracks/city-pop/city-pop-048.mp3,public/tracks/city-pop/city-pop-048.mp3,true,3001621,6432dcfe4c8b3a8f8dc4eacc91214220ab0e034092fb8445e06fa037c5f42773,untracked,original
creator-catalog-2026-07-19,creator-rights-v1,city-pop/city-pop-049,Silk Pulse,Virzy Guns,City Pop,city-pop,104,/tracks/city-pop/city-pop-049.mp3,public/tracks/city-pop/city-pop-049.mp3,true,2397827,b334a2e34345c16e656775c574d9fb2849cc8b42eb0d94fb702a3f71411b1e49,untracked,original
creator-catalog-2026-07-19,creator-rights-v1,cyberpunk-jazz/cyberpunk-jazz-001,Neon Alley,Virzy Guns,Cyberpunk Jazz,cyberpunk-jazz,209,/tracks/cyberpunk-jazz/cyberpunk-jazz-001.mp3,public/tracks/cyberpunk-jazz/cyberpunk-jazz-001.mp3,true,5277521,b5e75cec89ad6cfafa09f6ab96645dfb45d2ab2001cf60e83d7d14151853e812,untracked,original
creator-catalog-2026-07-19,creator-rights-v1,cyberpunk-jazz/cyberpunk-jazz-002,Digital Nightfall,Virzy Guns,Cyberpunk Jazz,cyberpunk-jazz,215,/tracks/cyberpunk-jazz/cyberpunk-jazz-002.mp3,public/tracks/cyberpunk-jazz/cyberpunk-jazz-002.mp3,true,5125059,ad2e78c66afc53bd9be88485b887d0a2bf98a7f3a23d6758a51cbcf31e41ca8a,untracked,original
creator-catalog-2026-07-19,creator-rights-v1,cyberpunk-jazz/cyberpunk-jazz-003,Rogue Underworld,Virzy Guns,Cyberpunk Jazz,cyberpunk-jazz,282,/tracks/cyberpunk-jazz/cyberpunk-jazz-003.mp3,public/tracks/cyberpunk-jazz/cyberpunk-jazz-003.mp3,true,7141172,45c2b6a48cacce8754077f313e6bbb2838080b17df59357fdcbe91a6661fd8cc,untracked,original
creator-catalog-2026-07-19,creator-rights-v1,cyberpunk-jazz/cyberpunk-jazz-004,Voltage Pulse,Virzy Guns,Cyberpunk Jazz,cyberpunk-jazz,276,/tracks/cyberpunk-jazz/cyberpunk-jazz-004.mp3,public/tracks/cyberpunk-jazz/cyberpunk-jazz-004.mp3,true,7158753,62e597f94f3513cd9a4952e99c43c6c8b4f0f8470c353eb6e096527e009bd6d4,untracked,original
creator-catalog-2026-07-19,creator-rights-v1,cyberpunk-jazz/cyberpunk-jazz-005,Wired Syndicate,Virzy Guns,Cyberpunk Jazz,cyberpunk-jazz,252,/tracks/cyberpunk-jazz/cyberpunk-jazz-005.mp3,public/tracks/cyberpunk-jazz/cyberpunk-jazz-005.mp3,true,5776131,3ea125b1917e9d89a21f3d35691452eb62c6e20010622c6086e3f63c53a04714,untracked,original
creator-catalog-2026-07-19,creator-rights-v1,cyberpunk-jazz/cyberpunk-jazz-006,Digital Signal,Virzy Guns,Cyberpunk Jazz,cyberpunk-jazz,259,/tracks/cyberpunk-jazz/cyberpunk-jazz-006.mp3,public/tracks/cyberpunk-jazz/cyberpunk-jazz-006.mp3,true,6027885,1ab6d257dc98761043e5cc19ad1ad3954305e612dc2e9c12518106f772f04f06,untracked,original
creator-catalog-2026-07-19,creator-rights-v1,cyberpunk-jazz/cyberpunk-jazz-007,Rogue Rain,Virzy Guns,Cyberpunk Jazz,cyberpunk-jazz,217,/tracks/cyberpunk-jazz/cyberpunk-jazz-007.mp3,public/tracks/cyberpunk-jazz/cyberpunk-jazz-007.mp3,true,5272271,eb9b671b146a323d15394267dc30c838a19787c9326c53850c2df3ccaa193fc4,untracked,original
creator-catalog-2026-07-19,creator-rights-v1,cyberpunk-jazz/cyberpunk-jazz-008,Fractured Static,Virzy Guns,Cyberpunk Jazz,cyberpunk-jazz,275,/tracks/cyberpunk-jazz/cyberpunk-jazz-008.mp3,public/tracks/cyberpunk-jazz/cyberpunk-jazz-008.mp3,true,6991297,dec5aa40ab9ae3214238a382e3733dd4d4cf26688ea276a2af8865a31e750218,untracked,original
creator-catalog-2026-07-19,creator-rights-v1,cyberpunk-jazz/cyberpunk-jazz-009,Acid Echo,Virzy Guns,Cyberpunk Jazz,cyberpunk-jazz,238,/tracks/cyberpunk-jazz/cyberpunk-jazz-009.mp3,public/tracks/cyberpunk-jazz/cyberpunk-jazz-009.mp3,true,6128695,1954b6218e3ea85da5e5b0c6b4c7cafe4871c9635208ae676e177330ffca2565,untracked,original
creator-catalog-2026-07-19,creator-rights-v1,cyberpunk-jazz/cyberpunk-jazz-010,Midnight Mirage,Virzy Guns,Cyberpunk Jazz,cyberpunk-jazz,166,/tracks/cyberpunk-jazz/cyberpunk-jazz-010.mp3,public/tracks/cyberpunk-jazz/cyberpunk-jazz-010.mp3,true,3943695,c8ebd9f9ed4669a7046ee0f2445ea9997b91a97c53b027c6ec8e3e460052263a,untracked,original
creator-catalog-2026-07-19,creator-rights-v1,cyberpunk-jazz/cyberpunk-jazz-011,Ghost Grid,Virzy Guns,Cyberpunk Jazz,cyberpunk-jazz,202,/tracks/cyberpunk-jazz/cyberpunk-jazz-011.mp3,public/tracks/cyberpunk-jazz/cyberpunk-jazz-011.mp3,true,5003806,83390718193f25ca614c2caa87a8c851a2d9415d0b996ece68629702d284dcd6,untracked,original
creator-catalog-2026-07-19,creator-rights-v1,cyberpunk-jazz/cyberpunk-jazz-012,Fractured Overdrive,Virzy Guns,Cyberpunk Jazz,cyberpunk-jazz,119,/tracks/cyberpunk-jazz/cyberpunk-jazz-012.mp3,public/tracks/cyberpunk-jazz/cyberpunk-jazz-012.mp3,true,2753175,8a74e9aa080fb7b6e1658bb2fdf8b1c29ed4af72cf4803ef7b5babf981595838,untracked,original
creator-catalog-2026-07-19,creator-rights-v1,cyberpunk-jazz/cyberpunk-jazz-013,Acid District,Virzy Guns,Cyberpunk Jazz,cyberpunk-jazz,239,/tracks/cyberpunk-jazz/cyberpunk-jazz-013.mp3,public/tracks/cyberpunk-jazz/cyberpunk-jazz-013.mp3,true,5732121,c25488a01a4b4f3ae3b1a58d1d38c64f405512a9f6f26cea542bdac2a2e9b36e,untracked,original
creator-catalog-2026-07-19,creator-rights-v1,cyberpunk-jazz/cyberpunk-jazz-014,Midnight Circuit,Virzy Guns,Cyberpunk Jazz,cyberpunk-jazz,210,/tracks/cyberpunk-jazz/cyberpunk-jazz-014.mp3,public/tracks/cyberpunk-jazz/cyberpunk-jazz-014.mp3,true,5080504,28779beed3649ec2236a23ab221403543ba4fa21cb799fd8379886d5dda7808b,untracked,original
creator-catalog-2026-07-19,creator-rights-v1,cyberpunk-jazz/cyberpunk-jazz-015,Cobalt Serpent,Virzy Guns,Cyberpunk Jazz,cyberpunk-jazz,147,/tracks/cyberpunk-jazz/cyberpunk-jazz-015.mp3,public/tracks/cyberpunk-jazz/cyberpunk-jazz-015.mp3,true,3167624,9d591c8f71a41fe0c65096a01ef35e85e49a8f9200a4a7dcd6d42591d3662a57,untracked,original
creator-catalog-2026-07-19,creator-rights-v1,cyberpunk-jazz/cyberpunk-jazz-016,Silent Protocol,Virzy Guns,Cyberpunk Jazz,cyberpunk-jazz,230,/tracks/cyberpunk-jazz/cyberpunk-jazz-016.mp3,public/tracks/cyberpunk-jazz/cyberpunk-jazz-016.mp3,true,5623958,f01c76af202c5dda8e4cd04f5975f6ad66d33fa80aa593052747765b7bd9fa1a,untracked,original
creator-catalog-2026-07-19,creator-rights-v1,cyberpunk-jazz/cyberpunk-jazz-017,Broken Requiem,Virzy Guns,Cyberpunk Jazz,cyberpunk-jazz,174,/tracks/cyberpunk-jazz/cyberpunk-jazz-017.mp3,public/tracks/cyberpunk-jazz/cyberpunk-jazz-017.mp3,true,4141224,3e93b64e8a9f6edf59142cdf9e679de9dbfc6bbbc7d7e152c77713ee18aa56ef,untracked,original
creator-catalog-2026-07-19,creator-rights-v1,cyberpunk-jazz/cyberpunk-jazz-018,Static Skyline,Virzy Guns,Cyberpunk Jazz,cyberpunk-jazz,149,/tracks/cyberpunk-jazz/cyberpunk-jazz-018.mp3,public/tracks/cyberpunk-jazz/cyberpunk-jazz-018.mp3,true,3538193,aebc106dc46d5c7322528e5d72f5d446cbbe8e3114af68dff1af22a4ad2eaa09,untracked,original
creator-catalog-2026-07-19,creator-rights-v1,cyberpunk-jazz/cyberpunk-jazz-019,Cobalt Reflex,Virzy Guns,Cyberpunk Jazz,cyberpunk-jazz,187,/tracks/cyberpunk-jazz/cyberpunk-jazz-019.mp3,public/tracks/cyberpunk-jazz/cyberpunk-jazz-019.mp3,true,4596668,e81d80ddeb6fe7f55f2380b5da1cb7ac7d99e12e3c135b111132e0201739b730,untracked,original
creator-catalog-2026-07-19,creator-rights-v1,cyberpunk-jazz/cyberpunk-jazz-020,Silent Noir,Virzy Guns,Cyberpunk Jazz,cyberpunk-jazz,193,/tracks/cyberpunk-jazz/cyberpunk-jazz-020.mp3,public/tracks/cyberpunk-jazz/cyberpunk-jazz-020.mp3,true,4121872,b7f821827732ad03cd6cf0af74e64cdc9f83a947245a5ba7d94ce60d1fae3821,untracked,original
creator-catalog-2026-07-19,creator-rights-v1,cyberpunk-jazz/cyberpunk-jazz-021,Broken Alley,Virzy Guns,Cyberpunk Jazz,cyberpunk-jazz,214,/tracks/cyberpunk-jazz/cyberpunk-jazz-021.mp3,public/tracks/cyberpunk-jazz/cyberpunk-jazz-021.mp3,true,5218550,aa4ebd0274dcc5416e24dee0170f6273c1b688134c0b589848d8fe657c870203,untracked,original
creator-catalog-2026-07-19,creator-rights-v1,cyberpunk-jazz/cyberpunk-jazz-022,Chrome Nightfall,Virzy Guns,Cyberpunk Jazz,cyberpunk-jazz,243,/tracks/cyberpunk-jazz/cyberpunk-jazz-022.mp3,public/tracks/cyberpunk-jazz/cyberpunk-jazz-022.mp3,true,6200120,0abd2564f5e7e6bc503b9dc60738db955d5baa26d9224d7cc5fbff852bf7f192,untracked,original
creator-catalog-2026-07-19,creator-rights-v1,cyberpunk-jazz/cyberpunk-jazz-023,Crimson Underworld,Virzy Guns,Cyberpunk Jazz,cyberpunk-jazz,225,/tracks/cyberpunk-jazz/cyberpunk-jazz-023.mp3,public/tracks/cyberpunk-jazz/cyberpunk-jazz-023.mp3,true,5874625,85908808f10900f3f8a3c60473e108bc106f79778d1e581635175575df01dd65,untracked,original
creator-catalog-2026-07-19,creator-rights-v1,cyberpunk-jazz/cyberpunk-jazz-024,Hollow Pulse,Virzy Guns,Cyberpunk Jazz,cyberpunk-jazz,180,/tracks/cyberpunk-jazz/cyberpunk-jazz-024.mp3,public/tracks/cyberpunk-jazz/cyberpunk-jazz-024.mp3,true,4261641,d41c56633567e9945545431a629dc193880b7d56cfdc938a30fd4423278e0684,untracked,original
creator-catalog-2026-07-19,creator-rights-v1,cyberpunk-jazz/cyberpunk-jazz-025,Phantom Syndicate,Virzy Guns,Cyberpunk Jazz,cyberpunk-jazz,211,/tracks/cyberpunk-jazz/cyberpunk-jazz-025.mp3,public/tracks/cyberpunk-jazz/cyberpunk-jazz-025.mp3,true,5392499,78ea2b8f2a97f43ce55ae3ac8842c3352aff53db8d2a5950d7a9fbb59d04b5fa,untracked,original
creator-catalog-2026-07-19,creator-rights-v1,cyberpunk-jazz/cyberpunk-jazz-026,Chrome Signal,Virzy Guns,Cyberpunk Jazz,cyberpunk-jazz,323,/tracks/cyberpunk-jazz/cyberpunk-jazz-026.mp3,public/tracks/cyberpunk-jazz/cyberpunk-jazz-026.mp3,true,8234608,51321e9de860398f4617c19fcb742f5163fcd2a2dc963983f9f8bfc3ab5f6851,untracked,original
creator-catalog-2026-07-19,creator-rights-v1,cyberpunk-jazz/cyberpunk-jazz-027,Crimson Rain,Virzy Guns,Cyberpunk Jazz,cyberpunk-jazz,215,/tracks/cyberpunk-jazz/cyberpunk-jazz-027.mp3,public/tracks/cyberpunk-jazz/cyberpunk-jazz-027.mp3,true,4837942,7e66dee9f2c511a40de5ee18068953103a9d7b26f7a48329aa1517791fc7aad6,untracked,original
creator-catalog-2026-07-19,creator-rights-v1,cyberpunk-jazz/cyberpunk-jazz-028,Toxic Static,Virzy Guns,Cyberpunk Jazz,cyberpunk-jazz,227,/tracks/cyberpunk-jazz/cyberpunk-jazz-028.mp3,public/tracks/cyberpunk-jazz/cyberpunk-jazz-028.mp3,true,5838116,984a144f240e30e143ad0a4e16b36c590fb55051bb47f95a0468e3642875528d,untracked,original
creator-catalog-2026-07-19,creator-rights-v1,cyberpunk-jazz/cyberpunk-jazz-029,Obsidian Echo,Virzy Guns,Cyberpunk Jazz,cyberpunk-jazz,202,/tracks/cyberpunk-jazz/cyberpunk-jazz-029.mp3,public/tracks/cyberpunk-jazz/cyberpunk-jazz-029.mp3,true,5396735,5f3174cb051b176e334a1b0ce05a3166afc8747514373caff50cacb3c9459c36,untracked,original
creator-catalog-2026-07-19,creator-rights-v1,cyberpunk-jazz/cyberpunk-jazz-030,Neon Mirage,Virzy Guns,Cyberpunk Jazz,cyberpunk-jazz,189,/tracks/cyberpunk-jazz/cyberpunk-jazz-030.mp3,public/tracks/cyberpunk-jazz/cyberpunk-jazz-030.mp3,true,4756284,fec974011668b598d5069b4588b76848d0ae9119844d57ea5270aa6961f5cbe7,untracked,original
creator-catalog-2026-07-19,creator-rights-v1,cyberpunk-jazz/cyberpunk-jazz-031,Shadow Grid,Virzy Guns,Cyberpunk Jazz,cyberpunk-jazz,260,/tracks/cyberpunk-jazz/cyberpunk-jazz-031.mp3,public/tracks/cyberpunk-jazz/cyberpunk-jazz-031.mp3,true,6334626,1544253cd73b17b8e4aa0936b4f4c58b8c720b8658f675bfa52045301d418863,untracked,original
creator-catalog-2026-07-19,creator-rights-v1,cyberpunk-jazz/cyberpunk-jazz-032,Toxic Overdrive,Virzy Guns,Cyberpunk Jazz,cyberpunk-jazz,243,/tracks/cyberpunk-jazz/cyberpunk-jazz-032.mp3,public/tracks/cyberpunk-jazz/cyberpunk-jazz-032.mp3,true,5636026,3c5a3610f6c8eae370ca2cb71d5ea9dd8652f4c556edca8646bc3baa45f056f7,untracked,original
creator-catalog-2026-07-19,creator-rights-v1,cyberpunk-jazz/cyberpunk-jazz-033,Obsidian District,Virzy Guns,Cyberpunk Jazz,cyberpunk-jazz,232,/tracks/cyberpunk-jazz/cyberpunk-jazz-033.mp3,public/tracks/cyberpunk-jazz/cyberpunk-jazz-033.mp3,true,6131716,c039712328764d8bcb5a9b40559fb76a119d7a3f82a33253b00949292ff247b5,untracked,original
creator-catalog-2026-07-19,creator-rights-v1,cyberpunk-jazz/cyberpunk-jazz-034,Neon Circuit,Virzy Guns,Cyberpunk Jazz,cyberpunk-jazz,195,/tracks/cyberpunk-jazz/cyberpunk-jazz-034.mp3,public/tracks/cyberpunk-jazz/cyberpunk-jazz-034.mp3,true,4579264,c73846da89a5c654e2d1c4722cb781062dc743d6a9477596a574697955e87840,untracked,original
creator-catalog-2026-07-19,creator-rights-v1,cyberpunk-jazz/cyberpunk-jazz-035,Digital Serpent,Virzy Guns,Cyberpunk Jazz,cyberpunk-jazz,272,/tracks/cyberpunk-jazz/cyberpunk-jazz-035.mp3,public/tracks/cyberpunk-jazz/cyberpunk-jazz-035.mp3,true,6691448,15885246a83c70459999be1f869deb71baf06161bc7d45db5ff1f795ef88ef3c,untracked,original
creator-catalog-2026-07-19,creator-rights-v1,cyberpunk-jazz/cyberpunk-jazz-036,Rogue Protocol,Virzy Guns,Cyberpunk Jazz,cyberpunk-jazz,230,/tracks/cyberpunk-jazz/cyberpunk-jazz-036.mp3,public/tracks/cyberpunk-jazz/cyberpunk-jazz-036.mp3,true,5836035,9ea4cc8104f7761ebe304e5683c7bf1041caa326779ff3315f8593788e97d1da,untracked,original
creator-catalog-2026-07-19,creator-rights-v1,cyberpunk-jazz/cyberpunk-jazz-037,Voltage Requiem,Virzy Guns,Cyberpunk Jazz,cyberpunk-jazz,211,/tracks/cyberpunk-jazz/cyberpunk-jazz-037.mp3,public/tracks/cyberpunk-jazz/cyberpunk-jazz-037.mp3,true,5201753,ac90ce3724ff1a88f9c6640d446860936c28249b4cca412c3e104666e91da291,untracked,original
creator-catalog-2026-07-19,creator-rights-v1,cyberpunk-jazz/cyberpunk-jazz-038,Wired Skyline,Virzy Guns,Cyberpunk Jazz,cyberpunk-jazz,184,/tracks/cyberpunk-jazz/cyberpunk-jazz-038.mp3,public/tracks/cyberpunk-jazz/cyberpunk-jazz-038.mp3,true,4252506,5b9dfcd3df6bb868bc6379dda2ce765a54288d4b50817cfdf14d5034c888f169,untracked,original
creator-catalog-2026-07-19,creator-rights-v1,cyberpunk-jazz/cyberpunk-jazz-039,Digital Reflex,Virzy Guns,Cyberpunk Jazz,cyberpunk-jazz,168,/tracks/cyberpunk-jazz/cyberpunk-jazz-039.mp3,public/tracks/cyberpunk-jazz/cyberpunk-jazz-039.mp3,true,3956879,c88891dae3b66e2c9bef0397304069f5f3a9bd55c95c2ffd2507911150ac51ea,untracked,original
creator-catalog-2026-07-19,creator-rights-v1,cyberpunk-jazz/cyberpunk-jazz-040,Rogue Noir,Virzy Guns,Cyberpunk Jazz,cyberpunk-jazz,208,/tracks/cyberpunk-jazz/cyberpunk-jazz-040.mp3,public/tracks/cyberpunk-jazz/cyberpunk-jazz-040.mp3,true,5055327,e3e4eb328c5fa3cd6132b257f990b1f5ec4715fbe605989f558459325b4577bb,untracked,original
creator-catalog-2026-07-19,creator-rights-v1,cyberpunk-jazz/cyberpunk-jazz-041,Voltage Alley,Virzy Guns,Cyberpunk Jazz,cyberpunk-jazz,236,/tracks/cyberpunk-jazz/cyberpunk-jazz-041.mp3,public/tracks/cyberpunk-jazz/cyberpunk-jazz-041.mp3,true,5943781,df3320a6387b485241be958164b7d858a263249fa0b51d12bef736738f77a4c1,untracked,original
creator-catalog-2026-07-19,creator-rights-v1,cyberpunk-jazz/cyberpunk-jazz-042,Acid Nightfall,Virzy Guns,Cyberpunk Jazz,cyberpunk-jazz,198,/tracks/cyberpunk-jazz/cyberpunk-jazz-042.mp3,public/tracks/cyberpunk-jazz/cyberpunk-jazz-042.mp3,true,5017528,f893cd34b1972d284734a4ac8577ee54022432477157ec050ad4e02b171bc2d6,untracked,original
creator-catalog-2026-07-19,creator-rights-v1,cyberpunk-jazz/cyberpunk-jazz-043,Midnight Underworld,Virzy Guns,Cyberpunk Jazz,cyberpunk-jazz,286,/tracks/cyberpunk-jazz/cyberpunk-jazz-043.mp3,public/tracks/cyberpunk-jazz/cyberpunk-jazz-043.mp3,true,7727783,e2dd2b80ab8359c06c8624464ec87229242ef7ed45e977ff77649b4920ec6838,untracked,original
creator-catalog-2026-07-19,creator-rights-v1,chill-synthwave/abundance-algorithm,Neon Horizon,Virzy Guns,Neo Synthwave,chill-synthwave,169,/tracks/chill-synthwave/abundance-algorithm.mp3,public/tracks/chill-synthwave/abundance-algorithm.mp3,true,4200801,b019631bf068dbe5be91b26b590e18af98decb6e28acb4382eb1a4ed51bec193,untracked,original
creator-catalog-2026-07-19,creator-rights-v1,chill-synthwave/accesing-the-memory-cache,Crystal Tides,Virzy Guns,Neo Synthwave,chill-synthwave,182,/tracks/chill-synthwave/accesing-the-memory-cache.mp3,public/tracks/chill-synthwave/accesing-the-memory-cache.mp3,true,3830032,4cf123bae97d191138a216462470a0b260f564f11a00aae4816e4df007e151a2,untracked,original
creator-catalog-2026-07-19,creator-rights-v1,chill-synthwave/afterdust,Prism Memory,Virzy Guns,Neo Synthwave,chill-synthwave,189,/tracks/chill-synthwave/afterdust.mp3,public/tracks/chill-synthwave/afterdust.mp3,true,4695528,c99bb58869f04af6c5b76df81e978afed042c12566834c452056f353f35ebb4d,untracked,original
creator-catalog-2026-07-19,creator-rights-v1,chill-synthwave/akihabara-dreamwave,Drifting Orbit,Virzy Guns,Neo Synthwave,chill-synthwave,155,/tracks/chill-synthwave/akihabara-dreamwave.mp3,public/tracks/chill-synthwave/akihabara-dreamwave.mp3,true,3633145,d3ededc83cf0ebb3c3e82e749dfa0a1beabebf2e89e2f89fa1c003002b313498,untracked,original
creator-catalog-2026-07-19,creator-rights-v1,chill-synthwave/berlin-datastream-echoes,Silent Glow,Virzy Guns,Neo Synthwave,chill-synthwave,177,/tracks/chill-synthwave/berlin-datastream-echoes.mp3,public/tracks/chill-synthwave/berlin-datastream-echoes.mp3,true,4353584,3501323650a707cd4619088d4851a19816735c72c08f9804771d174b916cfa29,untracked,original
creator-catalog-2026-07-19,creator-rights-v1,chill-synthwave/brooklyn-exe,Crystal Skies,Virzy Guns,Neo Synthwave,chill-synthwave,164,/tracks/chill-synthwave/brooklyn-exe.mp3,public/tracks/chill-synthwave/brooklyn-exe.mp3,true,3904016,173bdb6733fcfa555d61c611fb0a1f865ebe8cded87bf49fa1a12e0d91fa52f5,untracked,original
creator-catalog-2026-07-19,creator-rights-v1,chill-synthwave/chiba-district-memories,Prism Drive,Virzy Guns,Neo Synthwave,chill-synthwave,178,/tracks/chill-synthwave/chiba-district-memories.mp3,public/tracks/chill-synthwave/chiba-district-memories.mp3,true,4325830,af9d54d25b5ff8744b2f2650dd85eb1a654974811b908439810f15434661e387,untracked,original
creator-catalog-2026-07-19,creator-rights-v1,chill-synthwave/chicago-driftline,Frozen Pulse,Virzy Guns,Neo Synthwave,chill-synthwave,151,/tracks/chill-synthwave/chicago-driftline.mp3,public/tracks/chill-synthwave/chicago-driftline.mp3,true,3707272,0df2c58d2d65fd4c276d1fc569c1b817e32bac3c9cf4d9e158c388e7c5e09521,untracked,original
creator-catalog-2026-07-19,creator-rights-v1,chill-synthwave/circuit-nirvana,Hazy Signal,Virzy Guns,Neo Synthwave,chill-synthwave,168,/tracks/chill-synthwave/circuit-nirvana.mp3,public/tracks/chill-synthwave/circuit-nirvana.mp3,true,4131728,9ad40a92d39706b3d32382661db0727c370c393d6105007953006ebbcf9987a0,untracked,original
creator-catalog-2026-07-19,creator-rights-v1,chill-synthwave/citylight-prayer,Velvet Highway,Virzy Guns,Neo Synthwave,chill-synthwave,135,/tracks/chill-synthwave/citylight-prayer.mp3,public/tracks/chill-synthwave/citylight-prayer.mp3,true,3166724,0099f0dde1ca27c183c9579d5fe11d614d975523f72412bf9626ad335b9689e0,untracked,original
creator-catalog-2026-07-19,creator-rights-v1,chill-synthwave/codewave-forever,Faded Cascade,Virzy Guns,Neo Synthwave,chill-synthwave,167,/tracks/chill-synthwave/codewave-forever.mp3,public/tracks/chill-synthwave/codewave-forever.mp3,true,4036229,ca820bc2f28c3011a0bfed0ef89a5df7f1cf9706489def7730c075b42865e169,untracked,original
creator-catalog-2026-07-19,creator-rights-v1,chill-synthwave/crystal-protocol,Frozen Nights,Virzy Guns,Neo Synthwave,chill-synthwave,192,/tracks/chill-synthwave/crystal-protocol.mp3,public/tracks/chill-synthwave/crystal-protocol.mp3,true,4704503,525bf785c442a9bf5111aa9a028800c04f9bb4a9e3e7ded4affbccea0d93d4f2,untracked,original
creator-catalog-2026-07-19,creator-rights-v1,chill-synthwave/data-corruption-at-twilight-s-cicane,Hazy Waves,Virzy Guns,Neo Synthwave,chill-synthwave,198,/tracks/chill-synthwave/data-corruption-at-twilight-s-cicane.mp3,public/tracks/chill-synthwave/data-corruption-at-twilight-s-cicane.mp3,true,4257225,f8b58474a1ae48669ef4e6271470148ddfa55319f5d5b043cccc682bde741f60,untracked,original
creator-catalog-2026-07-19,creator-rights-v1,chill-synthwave/datasea-wake,Velvet Dreams,Virzy Guns,Neo Synthwave,chill-synthwave,162,/tracks/chill-synthwave/datasea-wake.mp3,public/tracks/chill-synthwave/datasea-wake.mp3,true,4033841,6b4c29086ce180bb91bac9e696edd824a714fac5ac81cf09949bfb96ffdf3b05,untracked,original
creator-catalog-2026-07-19,creator-rights-v1,chill-synthwave/dataveil-eden,Distant Vision,Virzy Guns,Neo Synthwave,chill-synthwave,195,/tracks/chill-synthwave/dataveil-eden.mp3,public/tracks/chill-synthwave/dataveil-eden.mp3,true,4723693,b5c2004e5fdba69565832c78b45f27fc911370a46f04d2fbc9e7df92ccdf7f7b,untracked,original
creator-catalog-2026-07-19,creator-rights-v1,chill-synthwave/downtown-detroit-dream,Violet Bloom,Virzy Guns,Neo Synthwave,chill-synthwave,152,/tracks/chill-synthwave/downtown-detroit-dream.mp3,public/tracks/chill-synthwave/downtown-detroit-dream.mp3,true,3821532,4f60270385d541bef001efb6df1314920adf5f077515ba3b7c503eeceae3f016,untracked,original
creator-catalog-2026-07-19,creator-rights-v1,chill-synthwave/easecode-master,Aurora Echo,Virzy Guns,Neo Synthwave,chill-synthwave,161,/tracks/chill-synthwave/easecode-master.mp3,public/tracks/chill-synthwave/easecode-master.mp3,true,3763699,19e564eec153c7ec53309bbb746f8b4fb6407840002924501a3f683a6be675bc,untracked,original
creator-catalog-2026-07-19,creator-rights-v1,chill-synthwave/echo-harbor,Retro Mirage,Virzy Guns,Neo Synthwave,chill-synthwave,170,/tracks/chill-synthwave/echo-harbor.mp3,public/tracks/chill-synthwave/echo-harbor.mp3,true,4180658,4b7bc803424d4ebe35a9127953f5a55459cd47ae5273348b18f724d6802ab007,untracked,original
creator-catalog-2026-07-19,creator-rights-v1,chill-synthwave/everdusk-pulse,Distant Voyage,Virzy Guns,Neo Synthwave,chill-synthwave,157,/tracks/chill-synthwave/everdusk-pulse.mp3,public/tracks/chill-synthwave/everdusk-pulse.mp3,true,3823669,820a873920b5ea106557874ac5d2c19be6f42542d2afafadda472763172f1c31,untracked,original
creator-catalog-2026-07-19,creator-rights-v1,chill-synthwave/floatstate-master,Violet Sunset,Virzy Guns,Neo Synthwave,chill-synthwave,142,/tracks/chill-synthwave/floatstate-master.mp3,public/tracks/chill-synthwave/floatstate-master.mp3,true,3204263,cf657a68497b6dd186491027c99528fbb41687e3b8f470a9987a578fc832b7bf,untracked,original
creator-catalog-2026-07-19,creator-rights-v1,chill-synthwave/full-throttle-under-aurora-skies,Aurora Horizon,Virzy Guns,Neo Synthwave,chill-synthwave,185,/tracks/chill-synthwave/full-throttle-under-aurora-skies.mp3,public/tracks/chill-synthwave/full-throttle-under-aurora-skies.mp3,true,4001530,470cb0be9fd3a82ac04f2d68855db369ca0228cfff3de005337d223976f2d93b,untracked,original
creator-catalog-2026-07-19,creator-rights-v1,chill-synthwave/future-love-in-tokyo,Astral Tides,Virzy Guns,Neo Synthwave,chill-synthwave,133,/tracks/chill-synthwave/future-love-in-tokyo.mp3,public/tracks/chill-synthwave/future-love-in-tokyo.mp3,true,3183951,f329df8490be18682fef6f6dcb44bcfd9533960376dd83116cd030ae4461e298,untracked,original
creator-catalog-2026-07-19,creator-rights-v1,chill-synthwave/glass-river,Electric Memory,Virzy Guns,Neo Synthwave,chill-synthwave,161,/tracks/chill-synthwave/glass-river.mp3,public/tracks/chill-synthwave/glass-river.mp3,true,3822507,65988b51d4c6c9c5c91cc38ed16e8f514f8c8bb91bbb45c96abab36efd8d67ee,untracked,original
creator-catalog-2026-07-19,creator-rights-v1,chill-synthwave/glyphbloom-dawn,Chrome Orbit,Virzy Guns,Neo Synthwave,chill-synthwave,174,/tracks/chill-synthwave/glyphbloom-dawn.mp3,public/tracks/chill-synthwave/glyphbloom-dawn.mp3,true,4336716,4f65a8b09aa244449f96cb3053e1e3e4589954847befac131714decd2931440b,untracked,original
creator-catalog-2026-07-19,creator-rights-v1,chill-synthwave/gridless-drift,Nebula Glow,Virzy Guns,Neo Synthwave,chill-synthwave,155,/tracks/chill-synthwave/gridless-drift.mp3,public/tracks/chill-synthwave/gridless-drift.mp3,true,3859415,78986b4d0db4106f58dc4a38b6579e203dfa0af36fa94dc6e9540d65d86fe409,untracked,original
creator-catalog-2026-07-19,creator-rights-v1,chill-synthwave/gridrain-echo,Astral Skies,Virzy Guns,Neo Synthwave,chill-synthwave,158,/tracks/chill-synthwave/gridrain-echo.mp3,public/tracks/chill-synthwave/gridrain-echo.mp3,true,3903447,849b9c5388909e498fc75e1d2ba3a792bdeea391d05ca5459d11b7bc92a3fa57,untracked,original
creator-catalog-2026-07-19,creator-rights-v1,chill-synthwave/groovecaine-master,Electric Drive,Virzy Guns,Neo Synthwave,chill-synthwave,189,/tracks/chill-synthwave/groovecaine-master.mp3,public/tracks/chill-synthwave/groovecaine-master.mp3,true,4291628,9c970ee60d664748b1fbdaf67300e3a4bafc1402d9f1f57281bb366c119d7c5f,untracked,original
creator-catalog-2026-07-19,creator-rights-v1,chill-synthwave/helsinki-aurora-upload,Endless Pulse,Virzy Guns,Neo Synthwave,chill-synthwave,201,/tracks/chill-synthwave/helsinki-aurora-upload.mp3,public/tracks/chill-synthwave/helsinki-aurora-upload.mp3,true,4803167,46fc9e69dae16af697c6897d47a119fcda2631d12ebd7e7dba2d9287ec6fbcf3,untracked,original
creator-catalog-2026-07-19,creator-rights-v1,chill-synthwave/holo-crossing,Solar Signal,Virzy Guns,Neo Synthwave,chill-synthwave,184,/tracks/chill-synthwave/holo-crossing.mp3,public/tracks/chill-synthwave/holo-crossing.mp3,true,4357325,d29849faa143455d2f40fe1efb1883f10af92c92a539e12abb57472f40896623,untracked,original
creator-catalog-2026-07-19,creator-rights-v1,chill-synthwave/holo-immortalis,Neon Highway,Virzy Guns,Neo Synthwave,chill-synthwave,182,/tracks/chill-synthwave/holo-immortalis.mp3,public/tracks/chill-synthwave/holo-immortalis.mp3,true,4327904,f2d6d7b142b4ac5755fbb02cd73e504623e6eb2d64c113d04bffd877fcc4c447,untracked,original
creator-catalog-2026-07-19,creator-rights-v1,chill-synthwave/holo-prayer,Lunar Cascade,Virzy Guns,Neo Synthwave,chill-synthwave,185,/tracks/chill-synthwave/holo-prayer.mp3,public/tracks/chill-synthwave/holo-prayer.mp3,true,4621337,84c7f7139ac94f92fd9912905a18d6ef8b28529a49fa872ac7738583bba49487,untracked,original
creator-catalog-2026-07-19,creator-rights-v1,chill-synthwave/holographic-replay,Endless Nights,Virzy Guns,Neo Synthwave,chill-synthwave,229,/tracks/chill-synthwave/holographic-replay.mp3,public/tracks/chill-synthwave/holographic-replay.mp3,true,5255154,1d9e70d1dba0ed01d5d2d22203d20488926e9d320a485c188801a148dadf1bc3,untracked,original
creator-catalog-2026-07-19,creator-rights-v1,chill-synthwave/horizon-slip,Solar Waves,Virzy Guns,Neo Synthwave,chill-synthwave,173,/tracks/chill-synthwave/horizon-slip.mp3,public/tracks/chill-synthwave/horizon-slip.mp3,true,4178149,1c5b34e5b8c03dd1364444720050cedcea633a66527eafa2feaceea3caf2d789,untracked,original
creator-catalog-2026-07-19,creator-rights-v1,chill-synthwave/joybreaker-master,Neon Dreams,Virzy Guns,Neo Synthwave,chill-synthwave,175,/tracks/chill-synthwave/joybreaker-master.mp3,public/tracks/chill-synthwave/joybreaker-master.mp3,true,4025346,9846150b2f628173aab92d99e28b28adc61c0952b2274d6fcfd3819a9938af28,untracked,original
creator-catalog-2026-07-19,creator-rights-v1,chill-synthwave/kyoto-echo-terminal,Crystal Vision,Virzy Guns,Neo Synthwave,chill-synthwave,153,/tracks/chill-synthwave/kyoto-echo-terminal.mp3,public/tracks/chill-synthwave/kyoto-echo-terminal.mp3,true,3781166,3df3ace61171a611fba1eb138a98f9cfdd490984d77cf4fec9dbebb388f65310,untracked,original
creator-catalog-2026-07-19,creator-rights-v1,chill-synthwave/l-a-night-sequence,Prism Bloom,Virzy Guns,Neo Synthwave,chill-synthwave,168,/tracks/chill-synthwave/l-a-night-sequence.mp3,public/tracks/chill-synthwave/l-a-night-sequence.mp3,true,4015548,cb2284bf0867966d405f6f911529c4804cc533696fe97f31c9fa2c375834d4c5,untracked,original
creator-catalog-2026-07-19,creator-rights-v1,chill-synthwave/last-radio,Drifting Echo,Virzy Guns,Neo Synthwave,chill-synthwave,135,/tracks/chill-synthwave/last-radio.mp3,public/tracks/chill-synthwave/last-radio.mp3,true,3114599,9b33c5c094cc9fe809c5341e497d2765a82501e6c3edbf2021bdd951a5c59ada,untracked,original
creator-catalog-2026-07-19,creator-rights-v1,chill-synthwave/lightborne-afterglow,Silent Mirage,Virzy Guns,Neo Synthwave,chill-synthwave,175,/tracks/chill-synthwave/lightborne-afterglow.mp3,public/tracks/chill-synthwave/lightborne-afterglow.mp3,true,4229847,69636726a189e965cc9fde014cfa84d48aed057acd313c35ce5962c7d2c90384,untracked,original
creator-catalog-2026-07-19,creator-rights-v1,chill-synthwave/liminal-surge,Crystal Voyage,Virzy Guns,Neo Synthwave,chill-synthwave,158,/tracks/chill-synthwave/liminal-surge.mp3,public/tracks/chill-synthwave/liminal-surge.mp3,true,3839723,e25c48573e7d8039c62a8fa1eb7f9b09cc6c3f4c7f8df4cd1fe655a85d1a06fa,untracked,original
creator-catalog-2026-07-19,creator-rights-v1,chill-synthwave/london-offline-pulse,Prism Sunset,Virzy Guns,Neo Synthwave,chill-synthwave,186,/tracks/chill-synthwave/london-offline-pulse.mp3,public/tracks/chill-synthwave/london-offline-pulse.mp3,true,4426427,b7890267eacc25387da9ba3b9489f5a37aa22b74f3b14d3ac74bc84c7a810778,untracked,original
creator-catalog-2026-07-19,creator-rights-v1,chill-synthwave/lumina-elysium,Drifting Horizon,Virzy Guns,Neo Synthwave,chill-synthwave,176,/tracks/chill-synthwave/lumina-elysium.mp3,public/tracks/chill-synthwave/lumina-elysium.mp3,true,4243458,c4b3c4f2f210e18993b1399a8831da571d97e6ca8289f1daed08fefc2ddef260,untracked,original
creator-catalog-2026-07-19,creator-rights-v1,chill-synthwave/mandala-drive,Hazy Tides,Virzy Guns,Neo Synthwave,chill-synthwave,169,/tracks/chill-synthwave/mandala-drive.mp3,public/tracks/chill-synthwave/mandala-drive.mp3,true,3876381,37ca390cfaceb5f0431f755b4f3656e30a824f799aceddf3d432d57eb9a7e9e7,untracked,original
creator-catalog-2026-07-19,creator-rights-v1,chill-synthwave/manhattan-neural-drift,Velvet Memory,Virzy Guns,Neo Synthwave,chill-synthwave,205,/tracks/chill-synthwave/manhattan-neural-drift.mp3,public/tracks/chill-synthwave/manhattan-neural-drift.mp3,true,5093464,a200d725a2189ecdbf228e638e34b6657219df79c8345c1e50131ec533a58d81,untracked,original
creator-catalog-2026-07-19,creator-rights-v1,chill-synthwave/manhattan-pulsewave,Faded Orbit,Virzy Guns,Neo Synthwave,chill-synthwave,136,/tracks/chill-synthwave/manhattan-pulsewave.mp3,public/tracks/chill-synthwave/manhattan-pulsewave.mp3,true,3339384,54f85361c3f642aff45712f3f8c1efa57a6d228c8e98a8e941a060a6982fd29b,untracked,original
creator-catalog-2026-07-19,creator-rights-v1,chill-synthwave/memory-bloom,Frozen Glow,Virzy Guns,Neo Synthwave,chill-synthwave,127,/tracks/chill-synthwave/memory-bloom.mp3,public/tracks/chill-synthwave/memory-bloom.mp3,true,3163771,63fda913a46afffa0829dbd0bdb446c44d767a417d6472efd9f04ed662e94676,untracked,original
creator-catalog-2026-07-19,creator-rights-v1,chill-synthwave/miami-frequency,Hazy Skies,Virzy Guns,Neo Synthwave,chill-synthwave,179,/tracks/chill-synthwave/miami-frequency.mp3,public/tracks/chill-synthwave/miami-frequency.mp3,true,4229654,291f0923a069349430113a8cce1aaaeaed3ac6c83f1b22e4f7f29025ff730778,untracked,original
creator-catalog-2026-07-19,creator-rights-v1,chill-synthwave/midnight-ledger,Velvet Drive,Virzy Guns,Neo Synthwave,chill-synthwave,159,/tracks/chill-synthwave/midnight-ledger.mp3,public/tracks/chill-synthwave/midnight-ledger.mp3,true,3411238,d5d02aa9a7333d90c75fad9c1f251fc53d8ff805964d116577a1eb9783f6e7b3,untracked,original
creator-catalog-2026-07-19,creator-rights-v1,chill-synthwave/montreal-midnight-algorithm,Distant Pulse,Virzy Guns,Neo Synthwave,chill-synthwave,197,/tracks/chill-synthwave/montreal-midnight-algorithm.mp3,public/tracks/chill-synthwave/montreal-midnight-algorithm.mp3,true,4676003,e4f75634f38b2e0ecc9ea700cbabb2b320eea54969bc0a4838761f56c447ef2a,untracked,original
creator-catalog-2026-07-19,creator-rights-v1,chill-synthwave/neo-tokyo-ghost-protocol,Violet Signal,Virzy Guns,Neo Synthwave,chill-synthwave,157,/tracks/chill-synthwave/neo-tokyo-ghost-protocol.mp3,public/tracks/chill-synthwave/neo-tokyo-ghost-protocol.mp3,true,3738449,da0c54a273ef2122558745968c903be3e72f13dcaed43c9c931d31d69c3e60b7,untracked,original
creator-catalog-2026-07-19,creator-rights-v1,chill-synthwave/neon-invocation,Aurora Highway,Virzy Guns,Neo Synthwave,chill-synthwave,177,/tracks/chill-synthwave/neon-invocation.mp3,public/tracks/chill-synthwave/neon-invocation.mp3,true,4145019,dc8d75d577aff2cbb4ede86be203fd539649c5211b6225d7532d8b9c1c690c5b,untracked,original
creator-catalog-2026-07-19,creator-rights-v1,chill-synthwave/neon-rain-in-tokyo-3,Retro Cascade,Virzy Guns,Neo Synthwave,chill-synthwave,164,/tracks/chill-synthwave/neon-rain-in-tokyo-3.mp3,public/tracks/chill-synthwave/neon-rain-in-tokyo-3.mp3,true,3983829,faf2069aa70c687a45a0d21ab1b028cb7c444249b3e999cf61b2c16c08c3234c,untracked,original
creator-catalog-2026-07-19,creator-rights-v1,chill-synthwave/neonrift-surge,Distant Nights,Virzy Guns,Neo Synthwave,chill-synthwave,186,/tracks/chill-synthwave/neonrift-surge.mp3,public/tracks/chill-synthwave/neonrift-surge.mp3,true,4457202,92e997a8354120d04d7718bddaf9b4d5c3ce751e064abf038d4ad31374a0fd1a,untracked,original
creator-catalog-2026-07-19,creator-rights-v1,chill-synthwave/new-horizon,Violet Waves,Virzy Guns,Neo Synthwave,chill-synthwave,165,/tracks/chill-synthwave/new-horizon.mp3,public/tracks/chill-synthwave/new-horizon.mp3,true,3898921,28bd3e10c4341e2f2bee8c8dc2e9567fa615526dd4aec8c4deeb152f9ae76dae,untracked,original
creator-catalog-2026-07-19,creator-rights-v1,chill-synthwave/nightflower,Aurora Dreams,Virzy Guns,Neo Synthwave,chill-synthwave,172,/tracks/chill-synthwave/nightflower.mp3,public/tracks/chill-synthwave/nightflower.mp3,true,4129363,27e1b16be044cc366e2d069a40a5b528aa05450a2290208b3c47d062c4bf6f9d,untracked,original
creator-catalog-2026-07-19,creator-rights-v1,chill-synthwave/novapain-master,Astral Vision,Virzy Guns,Neo Synthwave,chill-synthwave,157,/tracks/chill-synthwave/novapain-master.mp3,public/tracks/chill-synthwave/novapain-master.mp3,true,3609689,7316314b1fb5379e6e2877f18679657d89525c7fb798ce538a6067ff1de588d1,untracked,original
creator-catalog-2026-07-19,creator-rights-v1,chill-synthwave/osaka-drift-lounge,Electric Bloom,Virzy Guns,Neo Synthwave,chill-synthwave,196,/tracks/chill-synthwave/osaka-drift-lounge.mp3,public/tracks/chill-synthwave/osaka-drift-lounge.mp3,true,4829343,6288b139c0cb5adb1c3ca05ce345884a33df5d2efef929a030d88fc73edceda1,untracked,original
creator-catalog-2026-07-19,creator-rights-v1,chill-synthwave/paddock-neon-elysian-fields-circuit,Chrome Echo,Virzy Guns,Neo Synthwave,chill-synthwave,185,/tracks/chill-synthwave/paddock-neon-elysian-fields-circuit.mp3,public/tracks/chill-synthwave/paddock-neon-elysian-fields-circuit.mp3,true,4150710,deeff2a699a3f361837881a7c178bee05f591a78c77889c79e359b4bf5ba9686,untracked,original
creator-catalog-2026-07-19,creator-rights-v1,chill-synthwave/paris-cybernetic-reverie,Nebula Mirage,Virzy Guns,Neo Synthwave,chill-synthwave,165,/tracks/chill-synthwave/paris-cybernetic-reverie.mp3,public/tracks/chill-synthwave/paris-cybernetic-reverie.mp3,true,3887859,873423ee716d6335495b0327703ecdee3e923639cba8ef45a842668523f76575,untracked,original
creator-catalog-2026-07-19,creator-rights-v1,chill-synthwave/phoenix-override,Astral Voyage,Virzy Guns,Neo Synthwave,chill-synthwave,178,/tracks/chill-synthwave/phoenix-override.mp3,public/tracks/chill-synthwave/phoenix-override.mp3,true,4561962,1f1029d5eb5a7b7041ea0dfb804f5c7bce23ea164142e018b335c0bad15f4c11,untracked,original
creator-catalog-2026-07-19,creator-rights-v1,chill-synthwave/pleasurhythm,Electric Sunset,Virzy Guns,Neo Synthwave,chill-synthwave,173,/tracks/chill-synthwave/pleasurhythm.mp3,public/tracks/chill-synthwave/pleasurhythm.mp3,true,3763341,3b2adba9e834c016c073311d7bb0a634c68d1961e95724cfb82c0931ed796b79,untracked,original
creator-catalog-2026-07-19,creator-rights-v1,chill-synthwave/rebooting-to-the-live-grid,Chrome Horizon,Virzy Guns,Neo Synthwave,chill-synthwave,190,/tracks/chill-synthwave/rebooting-to-the-live-grid.mp3,public/tracks/chill-synthwave/rebooting-to-the-live-grid.mp3,true,4652991,257410d67036e31d7b7f5a9ebe5bc18eaf97ce5bf08d25a20a658b14483ddd2f,untracked,original
creator-catalog-2026-07-19,creator-rights-v1,chill-synthwave/return-to-source,Solar Tides,Virzy Guns,Neo Synthwave,chill-synthwave,160,/tracks/chill-synthwave/return-to-source.mp3,public/tracks/chill-synthwave/return-to-source.mp3,true,3412364,7437f574989f32ecde9aabcbc5fbe830d2a4fd7ba3209d276679c2364c2afce4,untracked,original
creator-catalog-2026-07-19,creator-rights-v1,chill-synthwave/runlight-breach,Neon Memory,Virzy Guns,Neo Synthwave,chill-synthwave,205,/tracks/chill-synthwave/runlight-breach.mp3,public/tracks/chill-synthwave/runlight-breach.mp3,true,4823374,dfe8c9c561c020cb91b2239be1bcf489f219b2fc8e42ccc3602cf390738ee9a7,untracked,original
creator-catalog-2026-07-19,creator-rights-v1,chill-synthwave/sacred-firmware,Lunar Orbit,Virzy Guns,Neo Synthwave,chill-synthwave,181,/tracks/chill-synthwave/sacred-firmware.mp3,public/tracks/chill-synthwave/sacred-firmware.mp3,true,4443612,26c8c11a20f90a95873e640acf63ed66c4a71ade27d538713d8ca8a8b1d1f60f,untracked,original
creator-catalog-2026-07-19,creator-rights-v1,chill-synthwave/san-francisco-glitch-sunset,Endless Glow,Virzy Guns,Neo Synthwave,chill-synthwave,149,/tracks/chill-synthwave/san-francisco-glitch-sunset.mp3,public/tracks/chill-synthwave/san-francisco-glitch-sunset.mp3,true,3734806,f46e438ffbcd3e679f5380b1e8f9cfccefe7afb3fbb8f2e1bceae891519f7298,untracked,original
creator-catalog-2026-07-19,creator-rights-v1,chill-synthwave/san-francisco-sleepmode,Solar Skies,Virzy Guns,Neo Synthwave,chill-synthwave,197,/tracks/chill-synthwave/san-francisco-sleepmode.mp3,public/tracks/chill-synthwave/san-francisco-sleepmode.mp3,true,4926213,b2e7ead684daae6b93b85e1d8783329946b8be9da829d22b66f212d4cd75361a,untracked,original
creator-catalog-2026-07-19,creator-rights-v1,chill-synthwave/sapporo-8am-skyline,Neon Drive,Virzy Guns,Neo Synthwave,chill-synthwave,190,/tracks/chill-synthwave/sapporo-8am-skyline.mp3,public/tracks/chill-synthwave/sapporo-8am-skyline.mp3,true,4625813,b563210d323041a2121cb86f542fe3d0a2c32913812cf6e3a4a6b08926039247,untracked,original
creator-catalog-2026-07-19,creator-rights-v1,chill-synthwave/seattle-cloud-sync,Crystal Pulse,Virzy Guns,Neo Synthwave,chill-synthwave,146,/tracks/chill-synthwave/seattle-cloud-sync.mp3,public/tracks/chill-synthwave/seattle-cloud-sync.mp3,true,3563333,c3d6c77b7ea522d41d704c7c1a6fd3a00afb34e0e95d469cde32da50d7583d5b,untracked,original
creator-catalog-2026-07-19,creator-rights-v1,chill-synthwave/second-sun,Prism Signal,Virzy Guns,Neo Synthwave,chill-synthwave,151,/tracks/chill-synthwave/second-sun.mp3,public/tracks/chill-synthwave/second-sun.mp3,true,3645046,f7a4d26bdc253c44808ea33a55f4b1551a1ef0707c5141c29b459c502c5ec9dd,untracked,original
creator-catalog-2026-07-19,creator-rights-v1,chill-synthwave/seoul-5g-dreamwalk,Drifting Highway,Virzy Guns,Neo Synthwave,chill-synthwave,154,/tracks/chill-synthwave/seoul-5g-dreamwalk.mp3,public/tracks/chill-synthwave/seoul-5g-dreamwalk.mp3,true,3737289,ee8557bb907d83d8e16c7811cbf6212c42bf607e74c3d56e64cd9497b4f63d83,untracked,original
creator-catalog-2026-07-19,creator-rights-v1,chill-synthwave/shibuya-ghostline,Silent Cascade,Virzy Guns,Neo Synthwave,chill-synthwave,128,/tracks/chill-synthwave/shibuya-ghostline.mp3,public/tracks/chill-synthwave/shibuya-ghostline.mp3,true,3104179,90a32cdfcb1c5e52ff556dd52e8f5438c6f4985ad31ccaf5ffef5be645e8f91a,untracked,original
creator-catalog-2026-07-19,creator-rights-v1,chill-synthwave/shinagawa-transit-404,Crystal Nights,Virzy Guns,Neo Synthwave,chill-synthwave,194,/tracks/chill-synthwave/shinagawa-transit-404.mp3,public/tracks/chill-synthwave/shinagawa-transit-404.mp3,true,4930346,6b3513bf8310fa1678cf0b508b97f3b2267b96fd099cea8b350b0d29decef327,untracked,original
creator-catalog-2026-07-19,creator-rights-v1,chill-synthwave/silkglitch-master,Prism Waves,Virzy Guns,Neo Synthwave,chill-synthwave,191,/tracks/chill-synthwave/silkglitch-master.mp3,public/tracks/chill-synthwave/silkglitch-master.mp3,true,4670144,0732770ee0b5578df78222e69faac07f09d8e907f984794bad23d1e47f24298b,untracked,original
creator-catalog-2026-07-19,creator-rights-v1,chill-synthwave/slipstream-on-a-ghost-lap,Drifting Dreams,Virzy Guns,Neo Synthwave,chill-synthwave,185,/tracks/chill-synthwave/slipstream-on-a-ghost-lap.mp3,public/tracks/chill-synthwave/slipstream-on-a-ghost-lap.mp3,true,3799206,758ef9d8cb7c46e7f5f19bb9dbaed80a8b7e940ffeae8fa0687c79991c187a0d,untracked,original
creator-catalog-2026-07-19,creator-rights-v1,chill-synthwave/soul-upload-austin-94,Hazy Vision,Virzy Guns,Neo Synthwave,chill-synthwave,177,/tracks/chill-synthwave/soul-upload-austin-94.mp3,public/tracks/chill-synthwave/soul-upload-austin-94.mp3,true,4296851,7bede01a859a6966ce03206e0bf9c99c6f2ad0ffd1610cfd0a3dc189bd3f9721,untracked,original
creator-catalog-2026-07-19,creator-rights-v1,chill-synthwave/still-breathing,Velvet Bloom,Virzy Guns,Neo Synthwave,chill-synthwave,169,/tracks/chill-synthwave/still-breathing.mp3,public/tracks/chill-synthwave/still-breathing.mp3,true,4090806,37596826cd52c84765eb3af55be666e536855e418e8b2b83ad56621c74decdd3,untracked,original
creator-catalog-2026-07-19,creator-rights-v1,chill-synthwave/sydney-sleep-mode-symphony,Faded Echo,Virzy Guns,Neo Synthwave,chill-synthwave,156,/tracks/chill-synthwave/sydney-sleep-mode-symphony.mp3,public/tracks/chill-synthwave/sydney-sleep-mode-symphony.mp3,true,3798988,107ca5d6b09eedb0727512cf95b40902d8d086b42171c014bebf51c983a18745,untracked,original
creator-catalog-2026-07-19,creator-rights-v1,chill-synthwave/the-render-glitch,Frozen Mirage,Virzy Guns,Neo Synthwave,chill-synthwave,186,/tracks/chill-synthwave/the-render-glitch.mp3,public/tracks/chill-synthwave/the-render-glitch.mp3,true,4140682,489ef487599d3230aa4a1177d78566cd03f443b7f26491512e1814fdfbb0ebff,untracked,original
creator-catalog-2026-07-19,creator-rights-v1,chill-synthwave/velvetpulse-master,Hazy Voyage,Virzy Guns,Neo Synthwave,chill-synthwave,178,/tracks/chill-synthwave/velvetpulse-master.mp3,public/tracks/chill-synthwave/velvetpulse-master.mp3,true,4308673,ab976f7621497435a69bf2330269c87af78bf1f4a3fcbd19a78181d744e4bb85,untracked,original
creator-catalog-2026-07-19,creator-rights-v1,chill-synthwave/void-transit,Velvet Sunset,Virzy Guns,Neo Synthwave,chill-synthwave,171,/tracks/chill-synthwave/void-transit.mp3,public/tracks/chill-synthwave/void-transit.mp3,true,4110644,6b26debf93cb1f06737424f5b0e757a8c76cc3bc80d45adc3053f29fc88714fa,untracked,original
creator-catalog-2026-07-19,creator-rights-v1,chill-synthwave/yokohama-slow-signal,Faded Horizon,Virzy Guns,Neo Synthwave,chill-synthwave,213,/tracks/chill-synthwave/yokohama-slow-signal.mp3,public/tracks/chill-synthwave/yokohama-slow-signal.mp3,true,5091208,995ecbbe0007c4eff7775972319483907776614d048ba1680ad4923bd6ea82f3,untracked,original
creator-catalog-2026-07-19,creator-rights-v1,chill-synthwave/zero-hurtz-master,Violet Tides,Virzy Guns,Neo Synthwave,chill-synthwave,170,/tracks/chill-synthwave/zero-hurtz-master.mp3,public/tracks/chill-synthwave/zero-hurtz-master.mp3,true,3924479,cb82d79aa834560f435144196f8c8d958cc4411455c865f1f9334969a75eda3f,untracked,original
